Tipo de Monitoramento:;CETESB
Tipo de Rede:;Automática
Tipo de Dado:;Primários
Código da estação:;120
Nome da estação:;Osasco

Data;Hora;Média Horária
;;MP2.5(Partículas Inaláveis Finas) - µg/m3
08/10/2026;01:00;13
08/10/2026;02:00;22
08/10/2026;03:00;14
08/10/2026;04:00;17
08/10/2026;05:00;21
08/10/2026;06:00;26
08/10/2026;07:00;19
08/10/2026;08:00;6
08/10/2026;09:00;17
08/10/2026;10:00;14
08/10/2026;11:00;11
08/10/2026;12:00;18
08/10/2026;13:00;8
08/10/2026;14:00;5
08/10/2026;15:00;14
08/10/2026;16:00;17
08/10/2026;17:00;17
08/10/2026;18:00;26
08/10/2026;19:00;15
08/10/2026;20:00;18
08/10/2026;21:00;22
08/10/2026;22:00;25
08/10/2026;23:00;20
08/10/2026;24:00;18
