1,no-01,26,0,2026-10-08T19:28:00Z,2026-10-08T20:42:07Z,4.7,10.4,10.4,10.4,25.1,56.8,-48,50,19,1,ok
2,no-01,26,1,2026-10-08T19:29:00Z,2026-10-08T20:42:07Z,4.6,8.5,8.8,8.5,25.1,54.8,-49,110,57,1,ok
3,no-01,26,2,2026-10-08T19:30:00Z,2026-10-08T20:42:07Z,4.5,7.9,7.9,7.9,25.1,55.2,-53,170,58,1,ok
4,no-01,26,3,2026-10-08T19:31:00Z,2026-10-08T20:42:07Z,5.7,9.3,9.5,9.3,25.3,54.4,-54,230,57,1,ok
5,no-01,26,4,2026-10-08T19:32:00Z,2026-10-08T20:42:07Z,5,9.5,9.8,9.5,25.4,53.6,-50,290,57,1,ok
6,no-01,26,5,2026-10-08T19:33:00Z,2026-10-08T20:42:07Z,5.7,10.7,11.1,10.7,25.5,53.8,-49,350,58,1,ok
7,no-01,26,6,2026-10-08T19:34:00Z,2026-10-08T20:42:07Z,5.9,12.5,14.6,12.5,25.4,53.7,-50,411,58,1,ok
8,no-01,26,7,2026-10-08T19:35:00Z,2026-10-08T20:42:07Z,5.4,9.6,10.9,9.6,25.5,53.8,-49,470,57,1,ok
9,no-01,27,0,2026-10-08T19:36:00Z,2026-10-08T20:42:07Z,4.6,8.6,8.6,8.6,25.5,53.8,-50,39,10,1,ok
10,no-01,27,1,2026-10-08T19:37:00Z,2026-10-08T20:42:07Z,5.8,9.1,9.4,9.1,25.6,54.2,-48,99,57,1,ok
11,no-01,27,2,2026-10-08T19:38:00Z,2026-10-08T20:42:07Z,5.6,9.9,10.4,9.9,25.6,53.4,-49,159,58,1,ok
12,no-01,30,0,2026-10-08T20:44:00Z,2026-10-08T20:44:53Z,19.9,33.3,39.9,35.1,,,-52,530,18,1,ok
13,no-01,30,1,2026-10-08T20:45:00Z,2026-10-08T20:45:53Z,24,39.9,49.1,46.2,26.8,63,-52,590,57,1,ok
14,no-01,30,2,2026-10-08T20:46:00Z,2026-10-08T20:46:53Z,26,41,49.4,50.5,27.1,59.8,-47,650,57,1,ok
15,no-01,30,3,2026-10-08T20:47:00Z,2026-10-08T20:47:53Z,25.9,40.3,48,48.5,27.1,59.9,-45,710,58,1,ok
16,no-01,30,4,2026-10-08T20:48:00Z,2026-10-08T20:48:53Z,25.4,40.2,49.2,48.4,27,59.9,-43,770,57,1,ok
17,no-01,30,5,2026-10-08T20:49:00Z,2026-10-08T20:49:53Z,25.8,40.2,48.1,48.5,26.9,60.3,-46,830,58,1,ok
18,no-01,30,6,2026-10-08T20:50:00Z,2026-10-08T20:50:53Z,26.1,41.5,48.7,51,27,60.3,-48,890,57,1,ok
19,no-01,30,7,2026-10-08T20:51:00Z,2026-10-08T20:51:53Z,26.2,40.8,48.1,49.6,27,60,-48,950,57,1,ok
20,no-01,30,8,2026-10-08T20:52:00Z,2026-10-08T20:52:53Z,24.9,40.1,47.5,48,26.8,60.4,-47,1010,58,1,ok
21,no-01,30,9,2026-10-08T20:53:00Z,2026-10-08T20:53:53Z,25.5,41.2,48.9,50.2,26.9,60.2,-46,1070,57,1,ok
22,no-01,30,10,2026-10-08T20:54:00Z,2026-10-08T20:54:53Z,25.5,39.7,47.5,47.3,26.9,60.2,-46,1130,58,1,ok
23,no-01,30,11,2026-10-08T20:55:00Z,2026-10-08T20:55:53Z,25.8,40.1,48.5,48.2,26.9,60.2,-46,1190,57,1,ok
24,no-01,30,12,2026-10-08T20:56:00Z,2026-10-08T20:56:53Z,25.8,40.2,48.4,48.6,26.7,60.9,-46,1250,57,1,ok
25,no-01,30,13,2026-10-08T20:57:00Z,2026-10-08T20:57:53Z,24.6,39.7,47.2,47.3,26.8,60.9,-47,1310,58,1,ok
26,no-01,30,14,2026-10-08T20:58:00Z,2026-10-08T20:58:53Z,25.6,40.1,47.4,48.1,26.8,60.7,-46,1370,57,1,ok
27,no-01,30,15,2026-10-08T20:59:00Z,2026-10-08T20:59:53Z,25.9,40.9,49,49.9,26.8,60.4,-47,1430,58,1,ok
28,no-01,30,16,2026-10-08T21:00:00Z,2026-10-08T21:00:53Z,25,38.6,47,45.4,26.7,60.4,-42,1490,57,1,ok
29,no-01,30,17,2026-10-08T21:01:00Z,2026-10-08T21:01:53Z,25.5,39.8,47.6,47.7,26.7,60.3,-43,1550,57,1,ok
30,no-01,30,18,2026-10-08T21:02:00Z,2026-10-08T21:02:53Z,25.9,41.1,48.7,50,26.7,60.4,-44,1610,58,1,ok
31,no-01,30,19,2026-10-08T21:03:00Z,2026-10-08T21:03:53Z,25.2,40.3,47.7,48.6,26.7,60.3,-43,1670,57,1,ok
32,no-01,30,20,2026-10-08T21:04:00Z,2026-10-08T21:04:53Z,25.7,41.1,48.7,49.9,26.7,60.3,-45,1730,58,1,ok
33,no-01,30,21,2026-10-08T21:05:00Z,2026-10-08T21:05:53Z,25.8,39.9,48,47.8,26.7,60.3,-43,1790,57,1,ok
34,no-01,30,22,2026-10-08T21:06:00Z,2026-10-08T21:06:53Z,25.9,40.4,47.5,48.8,26.6,60.3,-43,1850,58,1,ok
35,no-01,30,23,2026-10-08T21:07:00Z,2026-10-08T21:07:53Z,25.2,39.6,46.8,47,26.7,60.6,-44,1910,57,1,ok
36,no-01,30,24,2026-10-08T21:08:00Z,2026-10-08T21:08:53Z,25.9,40.9,48.9,50.1,26.6,60.5,-47,1970,57,1,ok
37,no-01,30,25,2026-10-08T21:09:00Z,2026-10-08T21:09:53Z,25.9,40.3,47.5,48.4,26.6,60.4,-46,2030,58,1,ok
38,no-01,30,26,2026-10-08T21:10:00Z,2026-10-08T21:10:53Z,26,40.9,48.8,49.6,26.5,60.8,-47,2090,57,1,ok
39,no-01,30,27,2026-10-08T21:11:00Z,2026-10-08T21:11:53Z,25.4,40.5,47.7,49.1,26.5,60.7,-47,2150,58,1,ok
40,no-01,30,28,2026-10-08T21:12:00Z,2026-10-08T21:12:53Z,25.6,40.7,48.1,49.4,26.5,60.9,-47,2210,57,1,ok
41,no-01,30,29,2026-10-08T21:13:00Z,2026-10-08T21:13:53Z,25.7,40.3,48.1,48.4,26.4,60.8,-47,2270,57,1,ok
42,no-01,30,30,2026-10-08T21:14:00Z,2026-10-08T21:14:53Z,25.9,40.6,48.4,48.9,26.5,60.7,-46,2330,58,1,ok
43,no-01,30,31,2026-10-08T21:15:00Z,2026-10-08T21:15:53Z,25.6,39.8,48.2,47.7,26.4,61.2,-47,2390,57,1,ok
44,no-01,30,32,2026-10-08T21:16:00Z,2026-10-08T21:16:53Z,26,41.2,48.6,50.4,26.5,60.9,-47,2450,58,1,ok
45,no-01,30,33,2026-10-08T21:17:00Z,2026-10-08T21:17:53Z,26.5,40,47.2,48.2,26.5,60.4,-46,2510,57,1,ok
46,no-01,30,34,2026-10-08T21:18:00Z,2026-10-08T21:18:53Z,25.8,40.6,49,49.4,26.3,60.8,-44,2570,57,1,ok
47,no-01,30,35,2026-10-08T21:19:00Z,2026-10-08T21:19:53Z,25.5,40.5,47.5,48.7,26.4,60.5,-45,2630,58,1,ok
48,no-01,30,36,2026-10-08T21:20:00Z,2026-10-08T21:20:53Z,25.6,40.4,48.2,48.6,26.5,60.2,-46,2690,57,1,ok
49,no-01,30,37,2026-10-08T21:21:00Z,2026-10-08T21:21:53Z,26.4,41.8,49.9,51.4,26.4,60.2,-46,2750,58,1,ok
50,no-01,30,38,2026-10-08T21:22:00Z,2026-10-08T21:22:53Z,25.1,40.4,48.2,48.6,26.5,60.6,-46,2810,57,1,ok
51,no-01,30,39,2026-10-08T21:23:00Z,2026-10-08T21:23:53Z,26.3,40.5,48.6,48.9,26.4,60.2,-47,2870,58,1,ok
52,no-01,30,40,2026-10-08T21:24:00Z,2026-10-08T21:24:53Z,25.8,40.6,48.9,49.4,26.5,59.8,-48,2930,57,1,ok
53,no-01,30,41,2026-10-08T21:25:00Z,2026-10-08T21:25:53Z,26.4,41.9,50,51.9,26.6,60.3,-49,2990,57,1,ok
54,no-01,30,42,2026-10-08T21:26:00Z,2026-10-08T21:26:53Z,33.3,50.7,60.8,72.9,26.4,60.1,-49,3050,58,1,ok
55,no-01,30,43,2026-10-08T21:27:00Z,2026-10-08T21:27:53Z,46.3,69.7,75.3,105.2,26.5,59.9,-50,3110,57,1,ok
56,no-01,30,44,2026-10-08T21:28:00Z,2026-10-08T21:28:53Z,72.3,106.5,108.8,160.5,26.6,59.7,-48,3170,58,1,ok
57,no-01,30,45,2026-10-08T21:29:00Z,2026-10-08T21:29:53Z,57.2,83.4,85.8,125.8,26.6,60,-50,3230,57,1,ok
58,no-01,30,46,2026-10-08T21:30:00Z,2026-10-08T21:30:53Z,54.5,80.2,82,121,26.7,59.5,-44,3290,57,1,ok
59,no-01,30,47,2026-10-08T21:31:00Z,2026-10-08T21:31:53Z,44.1,66.5,73.3,100.5,26.6,59.8,-46,3350,58,1,ok
60,no-01,30,48,2026-10-08T21:32:00Z,2026-10-08T21:32:53Z,38.5,56.9,67.8,86,26.6,59.7,-45,3410,57,1,ok
61,no-01,30,49,2026-10-08T21:33:00Z,2026-10-08T21:33:53Z,34.3,51.6,63.2,76.7,26.6,59.9,-45,3470,58,1,ok
62,no-01,30,50,2026-10-08T21:34:00Z,2026-10-08T21:34:53Z,33.5,50.8,61.9,74.3,26.7,59.4,-45,3530,57,1,ok
63,no-01,30,51,2026-10-08T21:35:00Z,2026-10-08T21:35:53Z,32.3,48,59.1,66.8,26.5,59.9,-44,3590,57,1,ok
64,no-01,30,52,2026-10-08T21:36:00Z,2026-10-08T21:36:53Z,31.2,47.8,58.3,66.5,26.6,59.7,-44,3650,58,1,ok
65,no-01,30,53,2026-10-08T21:37:00Z,2026-10-08T21:37:53Z,31.8,48.6,60,68.3,26.6,59.8,-44,3710,57,1,ok
66,no-01,30,54,2026-10-08T21:38:00Z,2026-10-08T21:38:53Z,34,52.6,64.7,78.5,26.6,59.4,-43,3770,58,1,ok
67,no-01,30,55,2026-10-08T21:39:00Z,2026-10-08T21:39:53Z,34.2,52,63.9,77.3,26.6,59.7,-43,3830,57,1,ok
68,no-01,30,56,2026-10-08T21:40:00Z,2026-10-08T21:40:54Z,35.8,54.4,65.8,82.5,26.6,59.8,-45,3890,58,1,ok
69,no-01,30,57,2026-10-08T21:41:00Z,2026-10-08T21:41:53Z,34,51.4,63.9,76,26.5,59.4,-46,3950,57,1,ok
70,no-01,30,58,2026-10-08T21:42:00Z,2026-10-08T21:42:53Z,33,50.4,62.2,73.8,26.6,59.9,-45,4010,57,1,ok
71,no-01,30,59,2026-10-08T21:43:00Z,2026-10-08T21:43:53Z,32.9,49.7,61.5,70.8,26.6,59.5,-43,4070,58,1,ok
72,no-01,30,60,2026-10-08T21:44:00Z,2026-10-08T21:44:53Z,32,49,60.9,69,26.6,59.1,-44,4130,57,1,ok
73,no-01,30,61,2026-10-08T21:45:00Z,2026-10-08T21:45:53Z,32,48.9,60.9,69.3,26.6,60.2,-44,4190,58,1,ok
74,no-01,30,62,2026-10-08T21:46:00Z,2026-10-08T21:46:53Z,32.8,50,62.2,72.3,26.6,59.4,-45,4250,57,1,ok
75,no-01,30,63,2026-10-08T21:47:00Z,2026-10-08T21:47:53Z,33.2,50.9,62.8,75,26.7,59.4,-47,4310,57,1,ok
76,no-01,30,64,2026-10-08T21:48:00Z,2026-10-08T21:48:53Z,31.5,48.6,59.1,68.2,26.6,59.4,-47,4370,58,1,ok
77,no-01,30,65,2026-10-08T21:49:00Z,2026-10-08T21:49:53Z,31.1,48.5,59.5,67.6,26.5,59.3,-47,4430,57,1,ok
78,no-01,30,66,2026-10-08T21:50:00Z,2026-10-08T21:50:53Z,31.3,49.2,59.9,69.7,26.5,59.3,-47,4490,58,1,ok
79,no-01,30,67,2026-10-08T21:51:00Z,2026-10-08T21:51:53Z,32,49,60.6,69.8,26.6,59.5,-47,4550,57,1,ok
80,no-01,30,68,2026-10-08T21:52:00Z,2026-10-08T21:52:53Z,31.1,49,60,69.6,26.7,59.4,-47,4610,58,1,ok
81,no-01,30,69,2026-10-08T21:53:00Z,2026-10-08T21:53:53Z,30.8,48.5,59.3,67.9,26.7,59.3,-47,4670,57,1,ok
82,no-01,30,70,2026-10-08T21:54:00Z,2026-10-08T21:54:53Z,31.3,49.3,60.6,69.9,26.6,59.4,-48,4730,57,1,ok
83,no-01,30,71,2026-10-08T21:55:00Z,2026-10-08T21:55:53Z,32,50,61.3,72.2,26.6,59.2,-49,4790,58,1,ok
84,no-01,30,72,2026-10-08T21:56:00Z,2026-10-08T21:56:53Z,30.8,48.5,59.6,67.8,26.6,58.8,-46,4850,57,1,ok
85,no-01,30,73,2026-10-08T21:57:00Z,2026-10-08T21:57:53Z,30,46.2,56,62.3,26.6,60.1,-48,4910,58,1,ok
86,no-01,30,74,2026-10-08T21:58:00Z,2026-10-08T21:58:53Z,29.9,46.5,57.4,62.8,26.6,59.1,-46,4970,57,1,ok
87,no-01,30,75,2026-10-08T21:59:00Z,2026-10-08T21:59:53Z,29.2,46.4,56.2,62.7,26.5,59.1,-46,5030,57,1,ok
88,no-01,30,76,2026-10-08T22:00:00Z,2026-10-08T22:00:53Z,28.1,44.9,53.8,59.2,26.4,60.2,-47,5090,58,1,ok
89,no-01,30,77,2026-10-08T22:01:00Z,2026-10-08T22:01:53Z,28.3,44,53.1,56.6,26.4,59,-49,5150,57,1,ok
90,no-01,30,78,2026-10-08T22:02:00Z,2026-10-08T22:02:53Z,28.1,44.1,53.5,57.1,26.5,59.6,-48,5210,58,1,ok
91,no-01,30,79,2026-10-08T22:03:00Z,2026-10-08T22:03:53Z,28,44.4,53.6,57.7,26.5,59.3,-48,5270,57,1,ok
92,no-01,30,80,2026-10-08T22:04:00Z,2026-10-08T22:04:53Z,28,44.4,54.7,57.8,26.6,59.4,-48,5330,57,1,ok
93,no-01,30,81,2026-10-08T22:05:00Z,2026-10-08T22:05:53Z,27.9,43.9,52.7,56.3,26.5,59.3,-46,5390,58,1,ok
94,no-01,30,82,2026-10-08T22:06:00Z,2026-10-08T22:06:53Z,28.9,45.5,55.2,60.4,26.5,58.7,-46,5450,57,1,ok
95,no-01,30,83,2026-10-08T22:07:00Z,2026-10-08T22:07:53Z,28.9,45.4,54.9,60.1,26.5,58.6,-46,5510,58,1,ok
96,no-01,30,84,2026-10-08T22:08:00Z,2026-10-08T22:08:53Z,28.4,45.3,54.3,60.1,26.6,59.2,-47,5570,57,1,ok
97,no-01,30,85,2026-10-08T22:09:00Z,2026-10-08T22:09:53Z,27.8,44,52.8,57,26.6,59.3,-47,5630,57,1,ok
98,no-01,30,86,2026-10-08T22:10:00Z,2026-10-08T22:10:53Z,27.9,44.2,53.4,57.3,26.6,58.2,-47,5690,58,1,ok
99,no-01,30,87,2026-10-08T22:11:00Z,2026-10-08T22:11:53Z,27.9,45.1,54.5,59,26.5,58.7,-46,5750,57,1,ok
100,no-01,30,88,2026-10-08T22:12:00Z,2026-10-08T22:12:53Z,27.1,42.9,51,54.3,26.4,59,-46,5810,58,1,ok
101,no-01,30,89,2026-10-08T22:13:00Z,2026-10-08T22:13:53Z,26.4,42,50.2,52.3,26.4,58.6,-46,5870,57,1,ok
102,no-01,30,90,2026-10-08T22:14:00Z,2026-10-08T22:14:53Z,26.6,42,49.7,52,26.5,58.6,-46,5930,58,1,ok
103,no-01,30,91,2026-10-08T22:15:00Z,2026-10-08T22:15:53Z,27.2,43.4,51.4,54.9,26.6,58.6,-46,5990,57,1,ok
104,no-01,30,92,2026-10-08T22:16:00Z,2026-10-08T22:16:53Z,27.1,42.4,50,52.6,26.5,58.5,-47,6050,57,1,ok
105,no-01,30,93,2026-10-08T22:17:00Z,2026-10-08T22:17:53Z,27.1,42.9,51.3,53.8,26.5,58.6,-48,6110,58,1,ok
106,no-01,30,94,2026-10-08T22:18:00Z,2026-10-08T22:18:53Z,26.9,43.3,51.1,54.6,26.5,59,-48,6170,57,1,ok
107,no-01,30,95,2026-10-08T22:19:00Z,2026-10-08T22:19:53Z,27.4,43.4,51.9,55.2,26.4,58.6,-47,6230,58,1,ok
108,no-01,30,96,2026-10-08T22:20:00Z,2026-10-08T22:20:53Z,26.9,41.6,49.8,51.2,26.5,58.8,-44,6290,57,1,ok
109,no-01,30,97,2026-10-08T22:21:00Z,2026-10-08T22:21:53Z,27.3,42.8,50.7,53.3,26.6,58.6,-47,6350,57,1,ok
110,no-01,30,98,2026-10-08T22:22:00Z,2026-10-08T22:22:53Z,26.6,41.6,50,51.3,26.5,58.6,-42,6410,58,1,ok
111,no-01,30,99,2026-10-08T22:23:00Z,2026-10-08T22:23:53Z,26.9,42.4,50.5,52.7,26.5,58.6,-43,6470,57,1,ok
